,ID,性別,age (month),WBC (1000),RBC,Hemoglobin,Hematocrit,MCV,MCH,MCHC,Platelets,Seg (%),Lym (%),monocyte (%),eosinophil (%),basophil (%),Band (%),Seg count ,Lym count ,monocyte count ,eosinophil count ,basophil count ,Band count ,ALT/GPT,CRP,HB z score,EOS z score,PLT z score,Class
0,0.7987822741942388,0.0005297172021542429,4.605318868607041e-11,7.395585208347193e-156,1.0086855956424188e-107,6.828043599940464e-230,4.7463697935574425e-229,4.352983594999897e-12,4.61862349833812e-20,6.910330337593218e-21,1.301775557578803e-203,9.36317764987169e-38,9.951259430137961e-49,1.664785857888481e-166,0.0,6.728054494160656e-07,8.236845381276122e-114,1.6887645869343879e-134,4.6157011802778145e-22,0.0001302599195769499,0.0,1.3959513724572874e-05,3.230893783963007e-178,1.1111752238324856e-184,0.0,2.7450441774018133e-293,0.0,1.310676773765091e-300,0.0
1,0.0,1.0,1.0,1.0,1.0,1.0,1.0,1.0,1.0,1.0,1.0,1.0,1.0,1.0,1.0,1.0,1.0,1.0,1.0,1.0,1.0,1.0,1.0,1.0,1.0,1.0,1.0,1.0,1.0
