agepmonthp,Platelets,HBpzpscore,WBCp1000p,Lymp,eosinophilp,monocytep,Bandp,Bandpcountp,Segp,Segpcountp,ALTpGPT,CRP
23.9646470310471,280.3104887262425,-0.33595091506211716,10.79842108369732,35.43166391217093,1.0648447644906152,8.713537362767088,0.5661698736866958,67.60028331956086,53.26762188643608,6064.187852673828,28.207856215322867,25.669924448117108
20.29227421162913,108.04242629557307,1.1185214920353905,5.386933676642731,16.888080883724157,1.7156467014403234,4.023695018693859,1.864191473287929,240.91544929751907,18.309999416175312,4222.872227961983,83.37751053512528,40.060681735936456
