agepmonthp,Platelets,HBpzpscore,WBCp1000p,Lymp,eosinophilp,monocytep,Bandp,Bandpcountp,Segp,Segpcountp,ALTpGPT,CRP
24.103635021408532,280.38481913479995,-0.3378788360204481,10.829430385353609,35.37600177174073,1.0653299867119446,8.704904768935478,0.5587538756828583,67.03706481618191,53.33735715340322,6093.416336926029,28.29508341945962,25.722525055366894
20.416702308776856,108.08908506649891,1.1152627176849197,5.418198180445126,16.894790590915246,1.7108674963481216,4.025243523323107,1.8711219941549242,237.15104752577676,18.340442684677253,4248.092617588932,84.49209703448126,40.55913900271524
