agepmonthp,Platelets,HBpzpscore,WBCp1000p,Lymp,eosinophilp,monocytep,Bandp,Bandpcountp,Segp,Segpcountp,ALTpGPT,CRP
24.009829652128612,280.1386718174044,-0.3304543768497768,10.797403792279791,35.41998171684704,1.066429772050367,8.727200613370293,0.5641148889740791,67.27834920822154,53.26762702367964,6066.889016838194,28.094718527911297,25.592433753059485
20.33259341383923,107.49414026064014,1.1127534356148716,5.385641092423916,16.883476562886493,1.7145353585603458,4.021667415159388,1.917573852955016,244.88036683699522,18.320714026513546,4227.3409090944315,77.53490668539858,40.35303495725102
