agepmonthp,Platelets,HBpzpscore,WBCp1000p,Lymp,eosinophilp,monocytep,Bandp,Bandpcountp,Segp,Segpcountp,ALTpGPT,CRP
23.959535268239392,280.06597773775434,-0.3349677977135385,10.818281023945202,35.42941628037439,1.0622427588650385,8.740514925152794,0.5598630015648528,66.84084856358322,53.25234580294664,6075.834909504267,28.45794088989932,25.634634178747525
20.328587866216324,107.65988989624866,1.1136598379132432,5.408130327593613,16.833156696981316,1.7039574242854176,4.034693595719619,1.875995687791572,238.07182640211855,18.283710614028294,4241.233405149722,85.37814784857986,40.23975720377714
