agepmonthp,Platelets,HBpzpscore,WBCp1000p,Lymp,eosinophilp,monocytep,Bandp,Bandpcountp,Segp,Segpcountp,ALTpGPT,CRP
23.995887758612216,280.3802683178535,-0.3276494627921594,10.816003538257409,35.434577620521885,1.0567064720625092,8.72827657378741,0.559516438154209,66.50742739200943,53.26272445820434,6077.300449653546,27.760754828247087,25.326788235294117
20.32211982037937,108.17434812960181,1.1153249039115993,5.374811723679534,16.877874505407032,1.680345770397177,4.036508325564814,1.8484655495289977,233.98480094304958,18.32579450932635,4228.418466207903,58.66273510659503,39.823079953999645
