ID,性別,age (day),age (month),age (year),WBC (1000),RBC,Hemoglobin,Hematocrit,MCV,MCH,MCHC,Platelets,Seg (%),Lym (%),monocyte (%),eosinophil (%),basophil (%),Band (%),Seg count ,Lym count ,monocyte count ,eosinophil count ,basophil count ,Band count ,AST/GOT,ALT/GPT,CRP,HB z score,EOS z score,PLT z score,count_HB_z,count_eos_z,count_plt_z,hb_diff,eos_diff,plt_diff
8F5C4D321E9DC9368D85B9C481C3A2942BDD80AE,0,4274,142.46666666666667,11.872222222222222,17.8,3.77,10.4,31.3,83.0,27.6,33.2,305.0,74.0,16.0,4.0,5.0,0.0,1.0,13172.0,2848.0000000000005,712.0000000000001,890.0000000000001,0.0,178.00000000000003,21.0,11.0,77.63,-2.2431895863607525,2.140642035939963,1.0048669015648797,-2.902912621359224,2.137142857142857,1.0048986256633556,-0.6597230349984708,-0.0034991787971057,3.1724098476182405e-05
AA82D3D2A56CDAAF50D1D6ADA1633FA8BCDE50DC,1,4215,140.5,11.708333333333334,13.1,3.67,11.5,32.8,89.4,31.3,35.1,266.0,90.0,5.7,3.8,0.4,0.1,0.0,11790.0,746.7,497.8,52.400000000000006,13.1,0.0,22.0,11.0,88.1,-1.492730783137873,-0.4931742242524113,0.4741712598262016,-1.83495145631068,-0.4914285714285714,0.4742141787998367,-0.3422206731728068,0.0017456528238398,4.291897363506436e-05
