agepmonthp,WBCp1000p,Hemoglobin,Hematocrit,MCH,RBC,MCHC,Platelets,CRP,ALTpGPT,Lymp,Segp,eosinophilp,basophilp,Bandp,monocytep
23.9646470310471,10.79842108369732,11.836598394522488,35.301567111320985,26.36325109196081,4.5211374099870145,33.51202042261835,280.3104887262425,25.669924448117108,28.207856215322867,35.43166391217093,53.26762188643608,1.0648447644906152,0.2450979813481289,0.5661698736866958,8.713537362767088
20.29227421162913,5.386933676642731,1.2226138748194277,3.3165537220530568,2.6920621622664505,0.5141131712545102,1.1063084963144132,108.04242629557307,40.060681735936456,83.37751053512528,16.888080883724157,18.309999416175312,1.7156467014403234,0.3485824614934108,1.864191473287929,4.023695018693859
