agepmonthp,WBCp1000p,Hemoglobin,Hematocrit,MCH,RBC,MCHC,Platelets,CRP,ALTpGPT,Lymp,Segp,eosinophilp,basophilp,Bandp,monocytep
24.103635021408532,10.829430385353609,11.839430090063487,35.31594566661745,26.36503174368817,4.5225253211280085,33.50741473497712,280.38481913479995,25.722525055366894,28.29508341945962,35.37600177174073,53.33735715340322,1.0653299867119446,0.24674147349771156,0.5587538756828583,8.704904768935478
20.416702308776856,5.418198180445126,1.2264863164765856,3.3342733376395226,2.714135613827872,0.51688901296232,1.1116688858640578,108.08908506649891,40.55913900271524,84.49209703448126,16.894790590915246,18.340442684677253,1.7108674963481216,0.3497628616656934,1.8711219941549242,4.025243523323107
