agepmonthp,WBCp1000p,Hemoglobin,Hematocrit,MCH,RBC,MCHC,Platelets,CRP,ALTpGPT,Lymp,Segp,eosinophilp,basophilp,Bandp,monocytep
24.009829652128612,10.797403792279791,11.843687888885611,35.31999646132524,26.366600807997408,4.52349208221521,33.51511309014774,280.1386718174044,25.592433753059485,28.094718527911297,35.41998171684704,53.26762702367964,1.066429772050367,0.24709976113945326,0.5641148889740791,8.727200613370293
20.33259341383923,5.385641092423916,1.2243745783922275,3.3275755436266987,2.7004200324614036,0.5151791555505946,1.1059035907111092,107.49414026064014,40.35303495725102,77.53490668539858,16.883476562886493,18.320714026513546,1.7145353585603458,0.351191632227071,1.917573852955016,4.021667415159388
