agepmonthp,WBCp1000p,Hemoglobin,Hematocrit,MCH,RBC,MCHC,Platelets,CRP,ALTpGPT,Lymp,Segp,eosinophilp,basophilp,Bandp,monocytep
23.959535268239392,10.818281023945202,11.835469012961706,35.295343824736484,26.378009389116894,4.518660426939089,33.51541232395406,280.06597773775434,25.634634178747525,28.45794088989932,35.42941628037439,53.25234580294664,1.0622427588650385,0.2469455844577637,0.5598630015648528,8.740514925152794
20.328587866216324,5.408130327593613,1.2248989215192787,3.325727858145737,2.699174424272721,0.5168587259776273,1.111319882250058,107.65988989624866,40.23975720377714,85.37814784857986,16.833156696981316,18.283710614028294,1.7039574242854176,0.35032227123497633,1.875995687791572,4.034693595719619
