agepmonthp,WBCp1000p,Hemoglobin,Hematocrit,MCH,RBC,MCHC,Platelets,CRP,ALTpGPT,Lymp,Segp,eosinophilp,basophilp,Bandp,monocytep
23.995887758612216,10.816003538257409,11.845814536340853,35.32929971988796,26.36760135633201,4.524234409553295,33.51292348518354,280.3802683178535,25.326788235294117,27.760754828247087,35.434577620521885,53.26272445820434,1.0567064720625092,0.2466047471620227,0.559516438154209,8.72827657378741
20.32211982037937,5.374811723679534,1.222700338974239,3.3243662146087782,2.6990424824354617,0.5152787061035075,1.1106842524620042,108.17434812960181,39.823079953999645,58.66273510659503,16.877874505407032,18.32579450932635,1.680345770397177,0.35003660374445494,1.8484655495289977,4.036508325564814
